{"cameraMode":{"drawMode":0,"name":"Shaded","section":"Shading Mode"},"sceneLighting":true,"audioPlay":false,"sceneViewState":{"m_AlwaysRefresh":false,"showFog":true,"showSkybox":true,"showFlares":true,"showImageEffects":true,"showParticleSystems":true,"showVisualEffectGraphs":true,"m_FxEnabled":true},"in2DMode":false,"pivot":{"x":0.11223617196083069,"y":6.255394458770752,"z":4.06713342666626},"rotation":{"x":0.2739298939704895,"y":0.013267535716295243,"z":-0.003778669750317931,"w":0.9616624116897583},"size":8.806266784667969,"orthographic":true}