{"cameraMode":{"drawMode":0,"name":"Shaded","section":"Shading Mode"},"sceneLighting":true,"audioPlay":false,"sceneViewState":{"m_AlwaysRefresh":false,"showFog":true,"showSkybox":true,"showFlares":true,"showImageEffects":true,"showParticleSystems":true,"showVisualEffectGraphs":true,"m_FxEnabled":true},"in2DMode":false,"pivot":{"x":0.7556938529014587,"y":-4.605473518371582,"z":-0.4032144546508789},"rotation":{"x":0.028483295813202859,"y":-0.029983241111040117,"z":0.0008547526667825878,"w":0.9991441965103149},"size":6.323312282562256,"orthographic":false}