{"cameraMode":{"drawMode":0,"name":"Shaded","section":"Shading Mode"},"sceneLighting":true,"audioPlay":false,"sceneViewState":{"m_AlwaysRefresh":false,"showFog":true,"showSkybox":true,"showFlares":true,"showImageEffects":true,"showParticleSystems":true,"showVisualEffectGraphs":true,"m_FxEnabled":true},"in2DMode":false,"pivot":{"x":-0.0012555122375488282,"y":10.882957458496094,"z":-12.742950439453125},"rotation":{"x":0.33637288212776186,"y":-0.04658931493759155,"z":0.01666404865682125,"w":0.9404295086860657},"size":6.46394157409668,"orthographic":false}